2,-2,NuY9e9RonlT+oUPOI3EFhd70W08=,vM6AWrXog/tWYZbAalBnTP3cJgA=
2,-3,NuY9e9RonlT+oUPOI3EFhd70W08=,vM6AWrXog/tWYZbAalBnTP3cJgA=
1,-6,NuY9e9RonlT+oUPOI3EFhd70W08=,58uAgb631aBUzSCOy/wo8WrECXE=
1,-3,NuY9e9RonlT+oUPOI3EFhd70W08=,DJyoZG7e8zaHK3GQYMd0yAgk93E=
1,-2,1vYFQsOXe2nYkVTdd+pC2UNY89w=,Jzvk/pfBdeHG4zrGZH0WDD0JAFY=
0,-2,1vYFQsOXe2nYkVTdd+pC2UNY89w=,Bw0nNe8brSYMVCl1RVu2Ve+0/hQ=
0,-1,++CAklnZEChhgegAgdmAwMwx8/I=,M+Y0s9VaoNMiBZC3x3P4kTIl32M=
0,-3,++CAklnZEChhgegAgdmAwMwx8/I=,/JBeN2sw3ipEu+rhJnfQBX5EVxg=
