0,0,uGmviuHxvhxm5qh84uUXFlfQwjE=,BbXw+NAwjXCqvhx2N8g7tJsDlMA=
28,28,uGmviuHxvhxm5qh84uUXFlfQwjE=,xkfeNi2WVX1I0ZbhDxsyz7KBeGc=
9,0,uGmviuHxvhxm5qh84uUXFlfQwjE=,xkfeNi2WVX1I0ZbhDxsyz7KBeGc=
27,0,uGmviuHxvhxm5qh84uUXFlfQwjE=,xkfeNi2WVX1I0ZbhDxsyz7KBeGc=
26,0,uGmviuHxvhxm5qh84uUXFlfQwjE=,xkfeNi2WVX1I0ZbhDxsyz7KBeGc=
0,23,uGmviuHxvhxm5qh84uUXFlfQwjE=,xkfeNi2WVX1I0ZbhDxsyz7KBeGc=
28,0,uGmviuHxvhxm5qh84uUXFlfQwjE=,xkfeNi2WVX1I0ZbhDxsyz7KBeGc=
19,0,uGmviuHxvhxm5qh84uUXFlfQwjE=,xkfeNi2WVX1I0ZbhDxsyz7KBeGc=
23,0,uGmviuHxvhxm5qh84uUXFlfQwjE=,xkfeNi2WVX1I0ZbhDxsyz7KBeGc=
