0,-1,uGmviuHxvhxm5qh84uUXFlfQwjE=,xkfeNi2WVX1I0ZbhDxsyz7KBeGc=
18,-1,uGmviuHxvhxm5qh84uUXFlfQwjE=,xkfeNi2WVX1I0ZbhDxsyz7KBeGc=
28,-1,uGmviuHxvhxm5qh84uUXFlfQwjE=,xkfeNi2WVX1I0ZbhDxsyz7KBeGc=
10,-1,uGmviuHxvhxm5qh84uUXFlfQwjE=,xkfeNi2WVX1I0ZbhDxsyz7KBeGc=
5,-1,uGmviuHxvhxm5qh84uUXFlfQwjE=,xkfeNi2WVX1I0ZbhDxsyz7KBeGc=
19,-1,uGmviuHxvhxm5qh84uUXFlfQwjE=,xkfeNi2WVX1I0ZbhDxsyz7KBeGc=
2,-1,uGmviuHxvhxm5qh84uUXFlfQwjE=,xkfeNi2WVX1I0ZbhDxsyz7KBeGc=
9,-1,uGmviuHxvhxm5qh84uUXFlfQwjE=,XkWoR/d7CIoAtg8JzNqTv2mY7/Q=
