-7,-11,n7T3Fr7YV7uydE2yeC3dnim84aU=,gF4gbq8e3Qkit1HfTBqhq8mSShM=
-7,-12,n7T3Fr7YV7uydE2yeC3dnim84aU=,gF4gbq8e3Qkit1HfTBqhq8mSShM=
-8,-13,n7T3Fr7YV7uydE2yeC3dnim84aU=,gF4gbq8e3Qkit1HfTBqhq8mSShM=
-7,-13,n7T3Fr7YV7uydE2yeC3dnim84aU=,gF4gbq8e3Qkit1HfTBqhq8mSShM=
-8,-12,n7T3Fr7YV7uydE2yeC3dnim84aU=,gF4gbq8e3Qkit1HfTBqhq8mSShM=
-8,-11,n7T3Fr7YV7uydE2yeC3dnim84aU=,gF4gbq8e3Qkit1HfTBqhq8mSShM=
-8,-5,n7T3Fr7YV7uydE2yeC3dnim84aU=,gF4gbq8e3Qkit1HfTBqhq8mSShM=
-7,-8,n7T3Fr7YV7uydE2yeC3dnim84aU=,gF4gbq8e3Qkit1HfTBqhq8mSShM=
-9,-4,n7T3Fr7YV7uydE2yeC3dnim84aU=,gF4gbq8e3Qkit1HfTBqhq8mSShM=
-9,-5,n7T3Fr7YV7uydE2yeC3dnim84aU=,gF4gbq8e3Qkit1HfTBqhq8mSShM=
-6,-6,n7T3Fr7YV7uydE2yeC3dnim84aU=,gF4gbq8e3Qkit1HfTBqhq8mSShM=
-7,-6,n7T3Fr7YV7uydE2yeC3dnim84aU=,gF4gbq8e3Qkit1HfTBqhq8mSShM=
-7,-7,MDZMilfm1syPg/TGBVObaY/nurk=,gF4gbq8e3Qkit1HfTBqhq8mSShM=
-13,-11,MDZMilfm1syPg/TGBVObaY/nurk=,gF4gbq8e3Qkit1HfTBqhq8mSShM=
-13,-12,MDZMilfm1syPg/TGBVObaY/nurk=,gF4gbq8e3Qkit1HfTBqhq8mSShM=
-12,-12,MDZMilfm1syPg/TGBVObaY/nurk=,gF4gbq8e3Qkit1HfTBqhq8mSShM=
-11,-12,MDZMilfm1syPg/TGBVObaY/nurk=,gF4gbq8e3Qkit1HfTBqhq8mSShM=
-12,-11,MDZMilfm1syPg/TGBVObaY/nurk=,gF4gbq8e3Qkit1HfTBqhq8mSShM=
-11,-11,MDZMilfm1syPg/TGBVObaY/nurk=,gF4gbq8e3Qkit1HfTBqhq8mSShM=
-6,-4,IgkhxF9uRHRtT49t6y13hWTFJtQ=,gF4gbq8e3Qkit1HfTBqhq8mSShM=
-5,-4,IgkhxF9uRHRtT49t6y13hWTFJtQ=,gF4gbq8e3Qkit1HfTBqhq8mSShM=
-7,-5,IgkhxF9uRHRtT49t6y13hWTFJtQ=,gF4gbq8e3Qkit1HfTBqhq8mSShM=
-4,-5,IgkhxF9uRHRtT49t6y13hWTFJtQ=,gF4gbq8e3Qkit1HfTBqhq8mSShM=
-4,-4,4BBzEEpVnsi6GXeJmt68yIvZhPg=,gF4gbq8e3Qkit1HfTBqhq8mSShM=
-6,-5,4BBzEEpVnsi6GXeJmt68yIvZhPg=,gF4gbq8e3Qkit1HfTBqhq8mSShM=
-5,-5,4BBzEEpVnsi6GXeJmt68yIvZhPg=,gF4gbq8e3Qkit1HfTBqhq8mSShM=
-5,-3,4BBzEEpVnsi6GXeJmt68yIvZhPg=,gF4gbq8e3Qkit1HfTBqhq8mSShM=
-4,-3,4BBzEEpVnsi6GXeJmt68yIvZhPg=,gF4gbq8e3Qkit1HfTBqhq8mSShM=
-5,-6,4BBzEEpVnsi6GXeJmt68yIvZhPg=,gF4gbq8e3Qkit1HfTBqhq8mSShM=
-4,-2,4BBzEEpVnsi6GXeJmt68yIvZhPg=,gF4gbq8e3Qkit1HfTBqhq8mSShM=
-5,-2,4BBzEEpVnsi6GXeJmt68yIvZhPg=,gF4gbq8e3Qkit1HfTBqhq8mSShM=
-4,-9,4BBzEEpVnsi6GXeJmt68yIvZhPg=,gF4gbq8e3Qkit1HfTBqhq8mSShM=
-3,-9,4BBzEEpVnsi6GXeJmt68yIvZhPg=,gF4gbq8e3Qkit1HfTBqhq8mSShM=
-4,-6,4BBzEEpVnsi6GXeJmt68yIvZhPg=,gF4gbq8e3Qkit1HfTBqhq8mSShM=
-4,-8,4BBzEEpVnsi6GXeJmt68yIvZhPg=,gF4gbq8e3Qkit1HfTBqhq8mSShM=
-3,-6,4BBzEEpVnsi6GXeJmt68yIvZhPg=,gF4gbq8e3Qkit1HfTBqhq8mSShM=
-4,-1,4BBzEEpVnsi6GXeJmt68yIvZhPg=,gF4gbq8e3Qkit1HfTBqhq8mSShM=
-4,-7,4BBzEEpVnsi6GXeJmt68yIvZhPg=,gF4gbq8e3Qkit1HfTBqhq8mSShM=
-5,-1,4BBzEEpVnsi6GXeJmt68yIvZhPg=,gF4gbq8e3Qkit1HfTBqhq8mSShM=
-3,-8,4BBzEEpVnsi6GXeJmt68yIvZhPg=,gF4gbq8e3Qkit1HfTBqhq8mSShM=
-3,-7,4BBzEEpVnsi6GXeJmt68yIvZhPg=,gF4gbq8e3Qkit1HfTBqhq8mSShM=
-3,-10,4BBzEEpVnsi6GXeJmt68yIvZhPg=,gF4gbq8e3Qkit1HfTBqhq8mSShM=
-4,-10,4BBzEEpVnsi6GXeJmt68yIvZhPg=,gF4gbq8e3Qkit1HfTBqhq8mSShM=
-6,-2,4BBzEEpVnsi6GXeJmt68yIvZhPg=,gF4gbq8e3Qkit1HfTBqhq8mSShM=
-6,-3,4BBzEEpVnsi6GXeJmt68yIvZhPg=,gF4gbq8e3Qkit1HfTBqhq8mSShM=
-6,-1,4BBzEEpVnsi6GXeJmt68yIvZhPg=,gF4gbq8e3Qkit1HfTBqhq8mSShM=
-9,-3,4BBzEEpVnsi6GXeJmt68yIvZhPg=,gF4gbq8e3Qkit1HfTBqhq8mSShM=
-8,-8,4BBzEEpVnsi6GXeJmt68yIvZhPg=,gF4gbq8e3Qkit1HfTBqhq8mSShM=
-9,-6,4BBzEEpVnsi6GXeJmt68yIvZhPg=,gF4gbq8e3Qkit1HfTBqhq8mSShM=
-8,-7,4BBzEEpVnsi6GXeJmt68yIvZhPg=,gF4gbq8e3Qkit1HfTBqhq8mSShM=
-8,-6,4BBzEEpVnsi6GXeJmt68yIvZhPg=,gF4gbq8e3Qkit1HfTBqhq8mSShM=
-3,-4,4BBzEEpVnsi6GXeJmt68yIvZhPg=,gF4gbq8e3Qkit1HfTBqhq8mSShM=
-7,-14,4BBzEEpVnsi6GXeJmt68yIvZhPg=,gF4gbq8e3Qkit1HfTBqhq8mSShM=
-10,-3,4BBzEEpVnsi6GXeJmt68yIvZhPg=,gF4gbq8e3Qkit1HfTBqhq8mSShM=
-8,-14,4BBzEEpVnsi6GXeJmt68yIvZhPg=,gF4gbq8e3Qkit1HfTBqhq8mSShM=
-14,-12,4BBzEEpVnsi6GXeJmt68yIvZhPg=,gF4gbq8e3Qkit1HfTBqhq8mSShM=
-3,-5,4BBzEEpVnsi6GXeJmt68yIvZhPg=,gF4gbq8e3Qkit1HfTBqhq8mSShM=
-14,-11,4BBzEEpVnsi6GXeJmt68yIvZhPg=,gF4gbq8e3Qkit1HfTBqhq8mSShM=
-2,-6,4BBzEEpVnsi6GXeJmt68yIvZhPg=,gF4gbq8e3Qkit1HfTBqhq8mSShM=
-2,-8,4BBzEEpVnsi6GXeJmt68yIvZhPg=,gF4gbq8e3Qkit1HfTBqhq8mSShM=
-1,-5,4BBzEEpVnsi6GXeJmt68yIvZhPg=,gF4gbq8e3Qkit1HfTBqhq8mSShM=
-2,-7,4BBzEEpVnsi6GXeJmt68yIvZhPg=,gF4gbq8e3Qkit1HfTBqhq8mSShM=
-2,-5,4BBzEEpVnsi6GXeJmt68yIvZhPg=,gF4gbq8e3Qkit1HfTBqhq8mSShM=
-2,-4,4BBzEEpVnsi6GXeJmt68yIvZhPg=,gF4gbq8e3Qkit1HfTBqhq8mSShM=
-1,-8,4BBzEEpVnsi6GXeJmt68yIvZhPg=,gF4gbq8e3Qkit1HfTBqhq8mSShM=
-10,-4,4BBzEEpVnsi6GXeJmt68yIvZhPg=,gF4gbq8e3Qkit1HfTBqhq8mSShM=
-10,-6,4BBzEEpVnsi6GXeJmt68yIvZhPg=,gF4gbq8e3Qkit1HfTBqhq8mSShM=
-1,-7,4BBzEEpVnsi6GXeJmt68yIvZhPg=,gF4gbq8e3Qkit1HfTBqhq8mSShM=
-10,-5,4BBzEEpVnsi6GXeJmt68yIvZhPg=,gF4gbq8e3Qkit1HfTBqhq8mSShM=
-3,-1,4BBzEEpVnsi6GXeJmt68yIvZhPg=,gF4gbq8e3Qkit1HfTBqhq8mSShM=
-1,-6,4BBzEEpVnsi6GXeJmt68yIvZhPg=,gF4gbq8e3Qkit1HfTBqhq8mSShM=
-3,-2,4BBzEEpVnsi6GXeJmt68yIvZhPg=,gF4gbq8e3Qkit1HfTBqhq8mSShM=
-1,-4,4BBzEEpVnsi6GXeJmt68yIvZhPg=,gF4gbq8e3Qkit1HfTBqhq8mSShM=
-2,-3,4BBzEEpVnsi6GXeJmt68yIvZhPg=,gF4gbq8e3Qkit1HfTBqhq8mSShM=
-1,-3,4BBzEEpVnsi6GXeJmt68yIvZhPg=,gF4gbq8e3Qkit1HfTBqhq8mSShM=
-3,-3,4BBzEEpVnsi6GXeJmt68yIvZhPg=,gF4gbq8e3Qkit1HfTBqhq8mSShM=
-11,-5,4BBzEEpVnsi6GXeJmt68yIvZhPg=,gF4gbq8e3Qkit1HfTBqhq8mSShM=
-12,-5,4BBzEEpVnsi6GXeJmt68yIvZhPg=,gF4gbq8e3Qkit1HfTBqhq8mSShM=
-11,-6,4BBzEEpVnsi6GXeJmt68yIvZhPg=,gF4gbq8e3Qkit1HfTBqhq8mSShM=
-12,-6,4BBzEEpVnsi6GXeJmt68yIvZhPg=,gF4gbq8e3Qkit1HfTBqhq8mSShM=
-1,-1,4BBzEEpVnsi6GXeJmt68yIvZhPg=,gF4gbq8e3Qkit1HfTBqhq8mSShM=
-2,-1,4BBzEEpVnsi6GXeJmt68yIvZhPg=,gF4gbq8e3Qkit1HfTBqhq8mSShM=
-2,-2,4BBzEEpVnsi6GXeJmt68yIvZhPg=,gF4gbq8e3Qkit1HfTBqhq8mSShM=
-1,-2,4BBzEEpVnsi6GXeJmt68yIvZhPg=,gF4gbq8e3Qkit1HfTBqhq8mSShM=
