8,-6,G2UXs8zFqZjvaOGIAki96j4zS60=,gF4gbq8e3Qkit1HfTBqhq8mSShM=
6,-7,G2UXs8zFqZjvaOGIAki96j4zS60=,gF4gbq8e3Qkit1HfTBqhq8mSShM=
6,-6,G2UXs8zFqZjvaOGIAki96j4zS60=,gF4gbq8e3Qkit1HfTBqhq8mSShM=
5,-6,G2UXs8zFqZjvaOGIAki96j4zS60=,gF4gbq8e3Qkit1HfTBqhq8mSShM=
8,-7,G2UXs8zFqZjvaOGIAki96j4zS60=,gF4gbq8e3Qkit1HfTBqhq8mSShM=
7,-6,G2UXs8zFqZjvaOGIAki96j4zS60=,gF4gbq8e3Qkit1HfTBqhq8mSShM=
4,-5,G2UXs8zFqZjvaOGIAki96j4zS60=,gF4gbq8e3Qkit1HfTBqhq8mSShM=
3,-4,G2UXs8zFqZjvaOGIAki96j4zS60=,gF4gbq8e3Qkit1HfTBqhq8mSShM=
7,-7,aoBcheCu2IuN2Chbh2BzV0GFnt8=,gF4gbq8e3Qkit1HfTBqhq8mSShM=
3,-5,51H3VVc/k5gw+ZQwER+G67/r1jk=,gF4gbq8e3Qkit1HfTBqhq8mSShM=
1,-4,51H3VVc/k5gw+ZQwER+G67/r1jk=,gF4gbq8e3Qkit1HfTBqhq8mSShM=
2,-5,51H3VVc/k5gw+ZQwER+G67/r1jk=,gF4gbq8e3Qkit1HfTBqhq8mSShM=
2,-4,51H3VVc/k5gw+ZQwER+G67/r1jk=,gF4gbq8e3Qkit1HfTBqhq8mSShM=
8,-8,51H3VVc/k5gw+ZQwER+G67/r1jk=,gF4gbq8e3Qkit1HfTBqhq8mSShM=
6,-8,51H3VVc/k5gw+ZQwER+G67/r1jk=,gF4gbq8e3Qkit1HfTBqhq8mSShM=
7,-8,51H3VVc/k5gw+ZQwER+G67/r1jk=,gF4gbq8e3Qkit1HfTBqhq8mSShM=
1,-5,51H3VVc/k5gw+ZQwER+G67/r1jk=,gF4gbq8e3Qkit1HfTBqhq8mSShM=
8,-11,51H3VVc/k5gw+ZQwER+G67/r1jk=,gF4gbq8e3Qkit1HfTBqhq8mSShM=
4,-6,51H3VVc/k5gw+ZQwER+G67/r1jk=,gF4gbq8e3Qkit1HfTBqhq8mSShM=
3,-6,51H3VVc/k5gw+ZQwER+G67/r1jk=,gF4gbq8e3Qkit1HfTBqhq8mSShM=
8,-9,51H3VVc/k5gw+ZQwER+G67/r1jk=,gF4gbq8e3Qkit1HfTBqhq8mSShM=
5,-10,51H3VVc/k5gw+ZQwER+G67/r1jk=,gF4gbq8e3Qkit1HfTBqhq8mSShM=
5,-9,51H3VVc/k5gw+ZQwER+G67/r1jk=,gF4gbq8e3Qkit1HfTBqhq8mSShM=
5,-11,51H3VVc/k5gw+ZQwER+G67/r1jk=,gF4gbq8e3Qkit1HfTBqhq8mSShM=
7,-10,51H3VVc/k5gw+ZQwER+G67/r1jk=,gF4gbq8e3Qkit1HfTBqhq8mSShM=
6,-10,51H3VVc/k5gw+ZQwER+G67/r1jk=,gF4gbq8e3Qkit1HfTBqhq8mSShM=
6,-9,51H3VVc/k5gw+ZQwER+G67/r1jk=,gF4gbq8e3Qkit1HfTBqhq8mSShM=
1,-6,51H3VVc/k5gw+ZQwER+G67/r1jk=,gF4gbq8e3Qkit1HfTBqhq8mSShM=
2,-6,51H3VVc/k5gw+ZQwER+G67/r1jk=,gF4gbq8e3Qkit1HfTBqhq8mSShM=
4,-9,51H3VVc/k5gw+ZQwER+G67/r1jk=,gF4gbq8e3Qkit1HfTBqhq8mSShM=
4,-11,51H3VVc/k5gw+ZQwER+G67/r1jk=,gF4gbq8e3Qkit1HfTBqhq8mSShM=
4,-10,51H3VVc/k5gw+ZQwER+G67/r1jk=,gF4gbq8e3Qkit1HfTBqhq8mSShM=
8,-10,51H3VVc/k5gw+ZQwER+G67/r1jk=,gF4gbq8e3Qkit1HfTBqhq8mSShM=
7,-9,51H3VVc/k5gw+ZQwER+G67/r1jk=,gF4gbq8e3Qkit1HfTBqhq8mSShM=
5,-12,51H3VVc/k5gw+ZQwER+G67/r1jk=,gF4gbq8e3Qkit1HfTBqhq8mSShM=
6,-11,51H3VVc/k5gw+ZQwER+G67/r1jk=,gF4gbq8e3Qkit1HfTBqhq8mSShM=
8,-12,51H3VVc/k5gw+ZQwER+G67/r1jk=,gF4gbq8e3Qkit1HfTBqhq8mSShM=
7,-12,51H3VVc/k5gw+ZQwER+G67/r1jk=,gF4gbq8e3Qkit1HfTBqhq8mSShM=
9,-11,51H3VVc/k5gw+ZQwER+G67/r1jk=,gF4gbq8e3Qkit1HfTBqhq8mSShM=
9,-10,51H3VVc/k5gw+ZQwER+G67/r1jk=,gF4gbq8e3Qkit1HfTBqhq8mSShM=
9,-8,51H3VVc/k5gw+ZQwER+G67/r1jk=,gF4gbq8e3Qkit1HfTBqhq8mSShM=
9,-9,51H3VVc/k5gw+ZQwER+G67/r1jk=,gF4gbq8e3Qkit1HfTBqhq8mSShM=
7,-11,51H3VVc/k5gw+ZQwER+G67/r1jk=,gF4gbq8e3Qkit1HfTBqhq8mSShM=
1,-7,51H3VVc/k5gw+ZQwER+G67/r1jk=,gF4gbq8e3Qkit1HfTBqhq8mSShM=
0,-4,51H3VVc/k5gw+ZQwER+G67/r1jk=,gF4gbq8e3Qkit1HfTBqhq8mSShM=
1,-8,51H3VVc/k5gw+ZQwER+G67/r1jk=,gF4gbq8e3Qkit1HfTBqhq8mSShM=
0,-8,51H3VVc/k5gw+ZQwER+G67/r1jk=,gF4gbq8e3Qkit1HfTBqhq8mSShM=
4,-12,51H3VVc/k5gw+ZQwER+G67/r1jk=,gF4gbq8e3Qkit1HfTBqhq8mSShM=
9,-12,51H3VVc/k5gw+ZQwER+G67/r1jk=,gF4gbq8e3Qkit1HfTBqhq8mSShM=
1,-9,51H3VVc/k5gw+ZQwER+G67/r1jk=,gF4gbq8e3Qkit1HfTBqhq8mSShM=
9,-7,51H3VVc/k5gw+ZQwER+G67/r1jk=,gF4gbq8e3Qkit1HfTBqhq8mSShM=
9,-6,51H3VVc/k5gw+ZQwER+G67/r1jk=,gF4gbq8e3Qkit1HfTBqhq8mSShM=
9,-5,51H3VVc/k5gw+ZQwER+G67/r1jk=,gF4gbq8e3Qkit1HfTBqhq8mSShM=
8,-5,51H3VVc/k5gw+ZQwER+G67/r1jk=,gF4gbq8e3Qkit1HfTBqhq8mSShM=
6,-5,51H3VVc/k5gw+ZQwER+G67/r1jk=,gF4gbq8e3Qkit1HfTBqhq8mSShM=
0,-6,51H3VVc/k5gw+ZQwER+G67/r1jk=,gF4gbq8e3Qkit1HfTBqhq8mSShM=
0,-7,51H3VVc/k5gw+ZQwER+G67/r1jk=,gF4gbq8e3Qkit1HfTBqhq8mSShM=
5,-5,51H3VVc/k5gw+ZQwER+G67/r1jk=,gF4gbq8e3Qkit1HfTBqhq8mSShM=
0,-5,51H3VVc/k5gw+ZQwER+G67/r1jk=,gF4gbq8e3Qkit1HfTBqhq8mSShM=
1,-10,51H3VVc/k5gw+ZQwER+G67/r1jk=,gF4gbq8e3Qkit1HfTBqhq8mSShM=
0,-3,51H3VVc/k5gw+ZQwER+G67/r1jk=,gF4gbq8e3Qkit1HfTBqhq8mSShM=
3,-3,51H3VVc/k5gw+ZQwER+G67/r1jk=,gF4gbq8e3Qkit1HfTBqhq8mSShM=
7,-5,51H3VVc/k5gw+ZQwER+G67/r1jk=,gF4gbq8e3Qkit1HfTBqhq8mSShM=
2,-3,51H3VVc/k5gw+ZQwER+G67/r1jk=,gF4gbq8e3Qkit1HfTBqhq8mSShM=
6,-12,51H3VVc/k5gw+ZQwER+G67/r1jk=,gF4gbq8e3Qkit1HfTBqhq8mSShM=
0,-9,51H3VVc/k5gw+ZQwER+G67/r1jk=,gF4gbq8e3Qkit1HfTBqhq8mSShM=
1,-3,51H3VVc/k5gw+ZQwER+G67/r1jk=,gF4gbq8e3Qkit1HfTBqhq8mSShM=
0,-10,51H3VVc/k5gw+ZQwER+G67/r1jk=,gF4gbq8e3Qkit1HfTBqhq8mSShM=
0,-2,51H3VVc/k5gw+ZQwER+G67/r1jk=,gF4gbq8e3Qkit1HfTBqhq8mSShM=
0,-1,51H3VVc/k5gw+ZQwER+G67/r1jk=,gF4gbq8e3Qkit1HfTBqhq8mSShM=
3,-2,51H3VVc/k5gw+ZQwER+G67/r1jk=,gF4gbq8e3Qkit1HfTBqhq8mSShM=
3,-1,51H3VVc/k5gw+ZQwER+G67/r1jk=,gF4gbq8e3Qkit1HfTBqhq8mSShM=
2,-1,51H3VVc/k5gw+ZQwER+G67/r1jk=,gF4gbq8e3Qkit1HfTBqhq8mSShM=
2,-2,51H3VVc/k5gw+ZQwER+G67/r1jk=,gF4gbq8e3Qkit1HfTBqhq8mSShM=
1,-1,51H3VVc/k5gw+ZQwER+G67/r1jk=,gF4gbq8e3Qkit1HfTBqhq8mSShM=
1,-2,51H3VVc/k5gw+ZQwER+G67/r1jk=,gF4gbq8e3Qkit1HfTBqhq8mSShM=
7,-24,JGfxEsDl5ntrRrQxaA4KzzXavz8=,gF4gbq8e3Qkit1HfTBqhq8mSShM=
6,-24,JGfxEsDl5ntrRrQxaA4KzzXavz8=,gF4gbq8e3Qkit1HfTBqhq8mSShM=
6,-21,JGfxEsDl5ntrRrQxaA4KzzXavz8=,gF4gbq8e3Qkit1HfTBqhq8mSShM=
7,-21,JGfxEsDl5ntrRrQxaA4KzzXavz8=,gF4gbq8e3Qkit1HfTBqhq8mSShM=
7,-23,JGfxEsDl5ntrRrQxaA4KzzXavz8=,gF4gbq8e3Qkit1HfTBqhq8mSShM=
7,-22,JGfxEsDl5ntrRrQxaA4KzzXavz8=,gF4gbq8e3Qkit1HfTBqhq8mSShM=
6,-23,JGfxEsDl5ntrRrQxaA4KzzXavz8=,gF4gbq8e3Qkit1HfTBqhq8mSShM=
6,-22,JGfxEsDl5ntrRrQxaA4KzzXavz8=,gF4gbq8e3Qkit1HfTBqhq8mSShM=
