36,31,/kPvgj41IvLbq0fgKlTQWRVM0OY=,gF4gbq8e3Qkit1HfTBqhq8mSShM=
36,30,/kPvgj41IvLbq0fgKlTQWRVM0OY=,gF4gbq8e3Qkit1HfTBqhq8mSShM=
37,30,/kPvgj41IvLbq0fgKlTQWRVM0OY=,gF4gbq8e3Qkit1HfTBqhq8mSShM=
37,31,/kPvgj41IvLbq0fgKlTQWRVM0OY=,gF4gbq8e3Qkit1HfTBqhq8mSShM=
39,30,/kPvgj41IvLbq0fgKlTQWRVM0OY=,gF4gbq8e3Qkit1HfTBqhq8mSShM=
38,30,/kPvgj41IvLbq0fgKlTQWRVM0OY=,gF4gbq8e3Qkit1HfTBqhq8mSShM=
39,31,/kPvgj41IvLbq0fgKlTQWRVM0OY=,gF4gbq8e3Qkit1HfTBqhq8mSShM=
38,31,/kPvgj41IvLbq0fgKlTQWRVM0OY=,gF4gbq8e3Qkit1HfTBqhq8mSShM=
33,24,/kPvgj41IvLbq0fgKlTQWRVM0OY=,gF4gbq8e3Qkit1HfTBqhq8mSShM=
33,25,/kPvgj41IvLbq0fgKlTQWRVM0OY=,gF4gbq8e3Qkit1HfTBqhq8mSShM=
32,24,/kPvgj41IvLbq0fgKlTQWRVM0OY=,gF4gbq8e3Qkit1HfTBqhq8mSShM=
32,25,/kPvgj41IvLbq0fgKlTQWRVM0OY=,gF4gbq8e3Qkit1HfTBqhq8mSShM=
