41017,-2,JGfxEsDl5ntrRrQxaA4KzzXavz8=,gF4gbq8e3Qkit1HfTBqhq8mSShM=
41017,-1,JGfxEsDl5ntrRrQxaA4KzzXavz8=,gF4gbq8e3Qkit1HfTBqhq8mSShM=
41015,-2,JGfxEsDl5ntrRrQxaA4KzzXavz8=,gF4gbq8e3Qkit1HfTBqhq8mSShM=
41016,-2,JGfxEsDl5ntrRrQxaA4KzzXavz8=,gF4gbq8e3Qkit1HfTBqhq8mSShM=
41016,-1,JGfxEsDl5ntrRrQxaA4KzzXavz8=,gF4gbq8e3Qkit1HfTBqhq8mSShM=
41014,-2,JGfxEsDl5ntrRrQxaA4KzzXavz8=,gF4gbq8e3Qkit1HfTBqhq8mSShM=
41015,-1,JGfxEsDl5ntrRrQxaA4KzzXavz8=,gF4gbq8e3Qkit1HfTBqhq8mSShM=
41014,-1,JGfxEsDl5ntrRrQxaA4KzzXavz8=,gF4gbq8e3Qkit1HfTBqhq8mSShM=
