39063,3904,/kPvgj41IvLbq0fgKlTQWRVM0OY=,gF4gbq8e3Qkit1HfTBqhq8mSShM=
39062,3904,/kPvgj41IvLbq0fgKlTQWRVM0OY=,gF4gbq8e3Qkit1HfTBqhq8mSShM=
39063,3905,/kPvgj41IvLbq0fgKlTQWRVM0OY=,gF4gbq8e3Qkit1HfTBqhq8mSShM=
39062,3905,/kPvgj41IvLbq0fgKlTQWRVM0OY=,gF4gbq8e3Qkit1HfTBqhq8mSShM=
39062,3907,/kPvgj41IvLbq0fgKlTQWRVM0OY=,gF4gbq8e3Qkit1HfTBqhq8mSShM=
39063,3907,/kPvgj41IvLbq0fgKlTQWRVM0OY=,gF4gbq8e3Qkit1HfTBqhq8mSShM=
39063,3906,/kPvgj41IvLbq0fgKlTQWRVM0OY=,gF4gbq8e3Qkit1HfTBqhq8mSShM=
39062,3906,/kPvgj41IvLbq0fgKlTQWRVM0OY=,gF4gbq8e3Qkit1HfTBqhq8mSShM=
