444,446,So4zZjKqv4jJI6eBRu+tUE/JuVE=,gF4gbq8e3Qkit1HfTBqhq8mSShM=
444,447,ovSHA5dIWTaSqhYqM2JG6Aw0m1U=,gF4gbq8e3Qkit1HfTBqhq8mSShM=
445,446,ovSHA5dIWTaSqhYqM2JG6Aw0m1U=,gF4gbq8e3Qkit1HfTBqhq8mSShM=
445,447,ovSHA5dIWTaSqhYqM2JG6Aw0m1U=,gF4gbq8e3Qkit1HfTBqhq8mSShM=
446,446,ovSHA5dIWTaSqhYqM2JG6Aw0m1U=,gF4gbq8e3Qkit1HfTBqhq8mSShM=
447,446,ovSHA5dIWTaSqhYqM2JG6Aw0m1U=,gF4gbq8e3Qkit1HfTBqhq8mSShM=
446,447,ovSHA5dIWTaSqhYqM2JG6Aw0m1U=,gF4gbq8e3Qkit1HfTBqhq8mSShM=
447,447,ovSHA5dIWTaSqhYqM2JG6Aw0m1U=,gF4gbq8e3Qkit1HfTBqhq8mSShM=
