444,449,ovSHA5dIWTaSqhYqM2JG6Aw0m1U=,gF4gbq8e3Qkit1HfTBqhq8mSShM=
444,448,ovSHA5dIWTaSqhYqM2JG6Aw0m1U=,gF4gbq8e3Qkit1HfTBqhq8mSShM=
447,449,ovSHA5dIWTaSqhYqM2JG6Aw0m1U=,gF4gbq8e3Qkit1HfTBqhq8mSShM=
447,448,ovSHA5dIWTaSqhYqM2JG6Aw0m1U=,gF4gbq8e3Qkit1HfTBqhq8mSShM=
446,449,ovSHA5dIWTaSqhYqM2JG6Aw0m1U=,gF4gbq8e3Qkit1HfTBqhq8mSShM=
446,448,ovSHA5dIWTaSqhYqM2JG6Aw0m1U=,gF4gbq8e3Qkit1HfTBqhq8mSShM=
445,449,ovSHA5dIWTaSqhYqM2JG6Aw0m1U=,gF4gbq8e3Qkit1HfTBqhq8mSShM=
445,448,ovSHA5dIWTaSqhYqM2JG6Aw0m1U=,gF4gbq8e3Qkit1HfTBqhq8mSShM=
