97656,3904,ovSHA5dIWTaSqhYqM2JG6Aw0m1U=,gF4gbq8e3Qkit1HfTBqhq8mSShM=
97656,3907,ovSHA5dIWTaSqhYqM2JG6Aw0m1U=,gF4gbq8e3Qkit1HfTBqhq8mSShM=
97657,3904,ovSHA5dIWTaSqhYqM2JG6Aw0m1U=,gF4gbq8e3Qkit1HfTBqhq8mSShM=
97657,3905,ovSHA5dIWTaSqhYqM2JG6Aw0m1U=,gF4gbq8e3Qkit1HfTBqhq8mSShM=
97657,3907,ovSHA5dIWTaSqhYqM2JG6Aw0m1U=,gF4gbq8e3Qkit1HfTBqhq8mSShM=
97656,3905,ovSHA5dIWTaSqhYqM2JG6Aw0m1U=,gF4gbq8e3Qkit1HfTBqhq8mSShM=
97657,3906,ovSHA5dIWTaSqhYqM2JG6Aw0m1U=,gF4gbq8e3Qkit1HfTBqhq8mSShM=
97656,3906,ovSHA5dIWTaSqhYqM2JG6Aw0m1U=,gF4gbq8e3Qkit1HfTBqhq8mSShM=
