11721,-2,y1MsvbJlsNvaWzpEF7hFlIeM9kQ=,gF4gbq8e3Qkit1HfTBqhq8mSShM=
11721,-1,y1MsvbJlsNvaWzpEF7hFlIeM9kQ=,gF4gbq8e3Qkit1HfTBqhq8mSShM=
11720,-2,y1MsvbJlsNvaWzpEF7hFlIeM9kQ=,gF4gbq8e3Qkit1HfTBqhq8mSShM=
11720,-1,y1MsvbJlsNvaWzpEF7hFlIeM9kQ=,gF4gbq8e3Qkit1HfTBqhq8mSShM=
11719,-2,y1MsvbJlsNvaWzpEF7hFlIeM9kQ=,gF4gbq8e3Qkit1HfTBqhq8mSShM=
11718,-2,y1MsvbJlsNvaWzpEF7hFlIeM9kQ=,gF4gbq8e3Qkit1HfTBqhq8mSShM=
11719,-1,y1MsvbJlsNvaWzpEF7hFlIeM9kQ=,gF4gbq8e3Qkit1HfTBqhq8mSShM=
11718,-1,y1MsvbJlsNvaWzpEF7hFlIeM9kQ=,gF4gbq8e3Qkit1HfTBqhq8mSShM=
