117187,3904,y1MsvbJlsNvaWzpEF7hFlIeM9kQ=,gF4gbq8e3Qkit1HfTBqhq8mSShM=
117186,3904,y1MsvbJlsNvaWzpEF7hFlIeM9kQ=,gF4gbq8e3Qkit1HfTBqhq8mSShM=
117186,3905,y1MsvbJlsNvaWzpEF7hFlIeM9kQ=,gF4gbq8e3Qkit1HfTBqhq8mSShM=
117187,3905,y1MsvbJlsNvaWzpEF7hFlIeM9kQ=,gF4gbq8e3Qkit1HfTBqhq8mSShM=
117186,3906,y1MsvbJlsNvaWzpEF7hFlIeM9kQ=,gF4gbq8e3Qkit1HfTBqhq8mSShM=
117187,3907,y1MsvbJlsNvaWzpEF7hFlIeM9kQ=,gF4gbq8e3Qkit1HfTBqhq8mSShM=
117186,3907,y1MsvbJlsNvaWzpEF7hFlIeM9kQ=,gF4gbq8e3Qkit1HfTBqhq8mSShM=
117187,3906,y1MsvbJlsNvaWzpEF7hFlIeM9kQ=,gF4gbq8e3Qkit1HfTBqhq8mSShM=
